label,file,before_s,after_s,removed_s,removed_percent,start_s,end_s,noise_floor_db,threshold_db,margin_ms,status,output
ba,ba_01_1.wav,1.752,1.582,0.17,9.7,0.17,1.752,-15.14,-9.14,80,ok,dataset_trimmed/ba/ba_01_1.wav
ba,ba_02_1.wav,1.896,1.846,0.05,2.64,0.05,1.896,-15.86,-9.86,80,ok,dataset_trimmed/ba/ba_02_1.wav
ba,ba_03_1.wav,1.944,1.864,0.08,4.12,0.08,1.944,-20.28,-14.28,80,ok,dataset_trimmed/ba/ba_03_1.wav
ba,ba_04_1.wav,1.152,1.055,0.097,8.42,0.07,1.125,-18.21,-12.21,80,ok,dataset_trimmed/ba/ba_04_1.wav
ba,ba_05_1.wav,2.112,2.042,0.07,3.31,0.07,2.112,-21.38,-15.38,80,ok,dataset_trimmed/ba/ba_05_1.wav
bon,bon_01_1.wav,1.464,1.384,0.08,5.46,0.08,1.464,-19.17,-13.17,80,ok,dataset_trimmed/bon/bon_01_1.wav
bon,bon_02_1.wav,1.944,1.874,0.07,3.6,0.07,1.944,-19.31,-13.31,80,ok,dataset_trimmed/bon/bon_02_1.wav
bon,bon_03_1.wav,2.184,2.114,0.07,3.21,0.07,2.184,-22.86,-16.86,80,ok,dataset_trimmed/bon/bon_03_1.wav
bon,bon_04_1.wav,2.184,2.094,0.09,4.12,0.09,2.184,-20.02,-14.02,80,ok,dataset_trimmed/bon/bon_04_1.wav
bon,bon_05_1.wav,1.344,1.284,0.06,4.46,0.06,1.344,-19.86,-13.86,80,ok,dataset_trimmed/bon/bon_05_1.wav
hai,hai_01.wav,2.027,1.857,0.17,8.39,0.17,2.027,-12.37,-6.37,80,ok,dataset_trimmed/hai/hai_01.wav
hai,hai_02.wav,2.04,1.99,0.05,2.45,0.05,2.04,-15.35,-9.35,80,ok,dataset_trimmed/hai/hai_02.wav
hai,hai_03.wav,1.74,1.68,0.06,3.45,0.06,1.74,-20.17,-14.17,80,ok,dataset_trimmed/hai/hai_03.wav
hai,hai_04.wav,1.98,1.93,0.05,2.53,0.05,1.98,-20.25,-14.25,80,ok,dataset_trimmed/hai/hai_04.wav
hai,hai_05.wav,1.973,1.323,0.65,32.94,0.65,1.973,-10.91,-4.91,80,ok,dataset_trimmed/hai/hai_05.wav
khong,khong_01.wav,2.347,2.247,0.1,4.26,0.1,2.347,-18.34,-12.34,80,ok,dataset_trimmed/khong/khong_01.wav
khong,khong_02.wav,2.58,2.51,0.07,2.71,0.07,2.58,-16.89,-10.89,80,ok,dataset_trimmed/khong/khong_02.wav
khong,khong_03.wav,2.3,2.24,0.06,2.61,0.06,2.3,-15.28,-9.28,80,ok,dataset_trimmed/khong/khong_03.wav
khong,khong_04.wav,2.613,1.463,1.15,44.0,1.15,2.613,-14.39,-8.39,80,ok,dataset_trimmed/khong/khong_04.wav
khong,khong_05.wav,2.56,2.415,0.145,5.66,0.07,2.485,-17.24,-11.24,80,ok,dataset_trimmed/khong/khong_05.wav
mot,mot_01.wav,1.94,1.86,0.08,4.12,0.08,1.94,-11.11,-5.11,80,ok,dataset_trimmed/mot/mot_01.wav
mot,mot_02.wav,2.0,1.95,0.05,2.5,0.05,2.0,-17.02,-11.02,80,ok,dataset_trimmed/mot/mot_02.wav
mot,mot_03.wav,2.14,2.08,0.06,2.8,0.06,2.14,-14.21,-8.21,80,ok,dataset_trimmed/mot/mot_03.wav
mot,mot_04.wav,2.6,2.535,0.065,2.5,0.05,2.585,-13.81,-7.81,80,ok,dataset_trimmed/mot/mot_04.wav
mot,mot_05.wav,2.18,2.1,0.08,3.67,0.08,2.18,-18.06,-12.06,80,ok,dataset_trimmed/mot/mot_05.wav
