file,original_sr,original_channels,original_subtype,duration_s,peak_dbfs,clip_ratio_percent,max_clip_run,leading_silence_s,trailing_silence_s,note
dataset/ba/ba_01_1.wav,48000,2,PCM_16,1.752,-0.82,0.0,0,0.09,0.007,Silence dau ngan hon 0.2 s; Silence cuoi ngan hon 0.2 s
dataset/ba/ba_02_1.wav,48000,2,PCM_16,1.896,-1.18,0.0,0,0.07,0.001,Silence dau ngan hon 0.2 s; Silence cuoi ngan hon 0.2 s
dataset/ba/ba_03_1.wav,48000,2,PCM_16,1.944,-0.99,0.0,0,0.1,0.009,Silence dau ngan hon 0.2 s; Silence cuoi ngan hon 0.2 s
dataset/ba/ba_04_1.wav,48000,2,PCM_16,1.152,-1.07,0.0,0,0.07,0.007,Silence dau ngan hon 0.2 s; Silence cuoi ngan hon 0.2 s
dataset/ba/ba_05_1.wav,48000,2,PCM_16,2.112,-1.22,0.0,0,0.1,0.007,Silence dau ngan hon 0.2 s; Silence cuoi ngan hon 0.2 s
dataset/bon/bon_01_1.wav,48000,2,PCM_16,1.464,-0.97,0.0,0,0.11,0.009,Silence dau ngan hon 0.2 s; Silence cuoi ngan hon 0.2 s
dataset/bon/bon_02_1.wav,48000,2,PCM_16,1.944,-1.0,0.0,0,0.1,0.009,Silence dau ngan hon 0.2 s; Silence cuoi ngan hon 0.2 s
dataset/bon/bon_03_1.wav,48000,2,PCM_16,2.184,-1.02,0.0,0,0.11,0.009,Silence dau ngan hon 0.2 s; Silence cuoi ngan hon 0.2 s
dataset/bon/bon_04_1.wav,48000,2,PCM_16,2.184,-1.05,0.0,0,0.11,0.009,Silence dau ngan hon 0.2 s; Silence cuoi ngan hon 0.2 s
dataset/bon/bon_05_1.wav,48000,2,PCM_16,1.344,-1.05,0.0,0,0.1,0.009,Silence dau ngan hon 0.2 s; Silence cuoi ngan hon 0.2 s
dataset/hai/hai_01.wav,48000,2,PCM_24,2.027,-5.77,0.0,0,0.06,0.002,Silence dau ngan hon 0.2 s; Silence cuoi ngan hon 0.2 s
dataset/hai/hai_02.wav,48000,2,PCM_24,2.04,-6.26,0.0,0,0.05,0.005,Silence dau ngan hon 0.2 s; Silence cuoi ngan hon 0.2 s
dataset/hai/hai_03.wav,48000,2,PCM_24,1.74,-6.25,0.0,0,0.07,0.005,Silence dau ngan hon 0.2 s; Silence cuoi ngan hon 0.2 s
dataset/hai/hai_04.wav,48000,2,PCM_24,1.98,-7.43,0.0,0,0.08,0.005,Silence dau ngan hon 0.2 s; Silence cuoi ngan hon 0.2 s
dataset/hai/hai_05.wav,48000,2,PCM_24,1.973,-7.02,0.0,0,0.08,0.008,Silence dau ngan hon 0.2 s; Silence cuoi ngan hon 0.2 s
dataset/khong/khong_01.wav,48000,2,PCM_24,2.347,-6.49,0.0,0,0.08,0.002,Silence dau ngan hon 0.2 s; Silence cuoi ngan hon 0.2 s
dataset/khong/khong_02.wav,48000,2,PCM_24,2.58,-6.66,0.0,0,0.06,0.005,Silence dau ngan hon 0.2 s; Silence cuoi ngan hon 0.2 s
dataset/khong/khong_03.wav,48000,2,PCM_24,2.3,-5.78,0.0,0,0.07,0.005,Silence dau ngan hon 0.2 s; Silence cuoi ngan hon 0.2 s
dataset/khong/khong_04.wav,48000,2,PCM_24,2.613,-6.8,0.0,0,0.08,0.008,Silence dau ngan hon 0.2 s; Silence cuoi ngan hon 0.2 s
dataset/khong/khong_05.wav,48000,2,PCM_24,2.56,-5.14,0.0,0,0.07,0.005,Silence dau ngan hon 0.2 s; Silence cuoi ngan hon 0.2 s
dataset/mot/mot_01.wav,48000,2,PCM_24,1.94,-5.55,0.0,0,0.06,0.005,Silence dau ngan hon 0.2 s; Silence cuoi ngan hon 0.2 s
dataset/mot/mot_02.wav,48000,2,PCM_24,2.0,-5.75,0.0,0,0.07,0.005,Silence dau ngan hon 0.2 s; Silence cuoi ngan hon 0.2 s
dataset/mot/mot_03.wav,48000,2,PCM_24,2.14,-5.98,0.0,0,0.06,0.005,Silence dau ngan hon 0.2 s; Silence cuoi ngan hon 0.2 s
dataset/mot/mot_04.wav,48000,2,PCM_24,2.6,-7.78,0.0,0,0.05,0.005,Silence dau ngan hon 0.2 s; Silence cuoi ngan hon 0.2 s
dataset/mot/mot_05.wav,48000,2,PCM_24,2.18,-6.41,0.0,0,0.07,0.005,Silence dau ngan hon 0.2 s; Silence cuoi ngan hon 0.2 s
